<?xml version="1.0" encoding="UTF-8"?>
<!DOCTYPE mapper
  PUBLIC "-//mybatis.org//DTD Mapper 3.0//EN"
  "http://mybatis.org/dtd/mybatis-3-mapper.dtd">
  <mapper namespace="com.bitcamp.mapper.MemberMapper">
  
  	<insert id="insert" parameterType="com.bitcamp.domain.Member">
  		insert into member(id,password,name,photo) values(#{id},#{password},#{name},#{photo})
  	</insert>
  	
  	<insert id="naver_insert" parameterType="com.bitcamp.domain.Member">
  		insert into member(id,password,name) values(#{id},#{password},#{name})
  	</insert>
  	
  	<select id="login" resultType="com.bitcamp.domain.Member">
  		select * from member where id=#{id} and password=#{password}
  	</select>
  	
<!--   	<select id="session_info" resultType="com.bitcamp.domain.Member">
  		select * from member where id=#{id};
  	</select> -->
  	
  	<select id="id_check" resultType= "int">
  		select count(*) from member where id=#{id}
  	</select>
  
  </mapper>