<?xml version="1.0" encoding="UTF-8"?>
<beans xmlns="http://www.springframework.org/schema/beans"
	xmlns:xsi="http://www.w3.org/2001/XMLSchema-instance"
	xmlns:c="http://www.springframework.org/schema/c"
	xmlns:jdbc="http://www.springframework.org/schema/jdbc"
	xmlns:context="http://www.springframework.org/schema/context"
	xmlns:mybatis-spring="http://mybatis.org/schema/mybatis-spring"
	xmlns:mvc="http://www.springframework.org/schema/mvc"
	xmlns:google="http://www.springframework.org/schema/social/google"
	xsi:schemaLocation="http://www.springframework.org/schema/jdbc http://www.springframework.org/schema/jdbc/spring-jdbc-3.1.xsd
		http://www.springframework.org/schema/mvc http://www.springframework.org/schema/mvc/spring-mvc-3.1.xsd
		http://mybatis.org/schema/mybatis-spring http://mybatis.org/schema/mybatis-spring-1.2.xsd
		http://www.springframework.org/schema/beans http://www.springframework.org/schema/beans/spring-beans.xsd
		http://www.springframework.org/schema/context http://www.springframework.org/schema/context/spring-context-3.1.xsd
		http://www.springframework.org/schema/social/google http://www.springframework.org/schema/social/spring-social-google.xsd">

	<!-- Root Context: defines shared resources visible to all other web components -->
	<bean id="dataSource"
		class="org.springframework.jdbc.datasource.DriverManagerDataSource">
		<property name="driverClassName" value="com.mysql.jdbc.Driver"></property>
		<property name="url"
			value="jdbc:mysql://localhost:3306/phonebook2?useSSL=false"></property>
		<property name="username" value="bit"></property>
		<property name="password" value="bit"></property>
	</bean>

	<bean id="sqlSessionFactory" class="org.mybatis.spring.SqlSessionFactoryBean">
		<property name="dataSource" ref="dataSource"></property>
		<property name="configLocation" value="classpath:/mybatis-config.xml" />
		<property name="mapperLocations" value="classpath:/mappers/**/*Mapper.xml" />

	</bean>

	<bean id="sqlSession" class="org.mybatis.spring.SqlSessionTemplate"
		destroy-method="clearCache">
		<constructor-arg name="sqlSessionFactory" ref="sqlSessionFactory" />
	</bean>

	<context:component-scan base-package="com.bitcamp.persistence" />
	<context:component-scan base-package="com.bitcamp.service" />

<!-- 	<bean id="googleConnectionFactory"
		class="org.springframework.social.google.connect.GoogleConnectionFactory">
		<constructor-arg value="724464262512-q7c7l35k3ud2mrdavjqvao8ejr7bif52.apps.googleusercontent.com" />
		<constructor-arg value="VDukpiEmkTXS-RQSQswwQ-A7" />
	</bean>
	승인된 자바스크립트 원본과 승인된 리디렉션 URI
	<bean id="googleOAuth2Parameters" class="org.springframework.social.oauth2.OAuth2Parameters">
		<property name="scope" value="https://www.googleapis.com/auth/plus.login" />
		<property name="redirectUri" value="http://localhost/user/googleSignInCallback" />
	</bean> -->



</beans>
