<?xml version="1.0" encoding="UTF-8"?>
<!DOCTYPE mapper
  PUBLIC "-//mybatis.org//DTD Mapper 3.0//EN"
  "http://mybatis.org/dtd/mybatis-3-mapper.dtd">
  <mapper namespace="com.bitcamp.mapper.PhoneBookMapper">
  	<!-- 친구 기본 정보 INSERT -->
  	<insert id="basic_insert" parameterType="com.bitcamp.domain.PhoneInfo_Basic" useGeneratedKeys="true" keyProperty="idx">
  		insert into phoneinfo_basic(fr_name,fr_phone,fr_email,fr_address,fr_ref_idx) 
  		values(#{fr_name},#{fr_phone},#{fr_email},#{fr_address},#{fr_ref_idx})
  	</insert>
  	<!-- 대학친구 기본정보 INSERT -->
  	<insert id="univ_insert" parameterType="com.bitcamp.domain.PhoneInfo_Univ">
  		insert into phoneinfo_univ(fr_u_major,fr_u_year,fr_ref) 
  		values(#{fr_u_major},#{fr_u_year},#{fr_ref})
  	</insert>
  	<!-- 회사친구 기본정보 INSERT -->
  	<insert id="com_insert" parameterType="com.bitcamp.domain.PhoneInfo_Com">
  		insert into phoneinfo_com(fr_c_company,fr_ref) 
  		values(#{fr_c_company},#{fr_ref})
  	</insert>
  	<!-- 대학친구 모두가져오기(회원별) -->
  	<select id="uni_select" resultType="com.bitcamp.domain.PhoneInfo_Univ">
  		select fr_name,fr_phone,fr_email,fr_address,fr_u_major,fr_u_year,fr_ref from phoneinfo_univ,phoneinfo_basic,member 
  		where phoneinfo_univ.fr_ref=phoneinfo_basic.idx and phoneinfo_basic.fr_ref_idx=member.idx and member.idx=#{idx}
  	</select>
  	<!-- 회사친구 모두가져오기(회원별) -->
  	<select id="com_select" resultType="com.bitcamp.domain.PhoneInfo_Com">
  		select fr_name,fr_phone,fr_email,fr_address,fr_c_company,fr_ref from phoneinfo_com,phoneinfo_basic,member 
  		where phoneinfo_com.fr_ref=phoneinfo_basic.idx and phoneinfo_basic.fr_ref_idx=member.idx and member.idx=#{idx}
  	</select>
  <!-- 	 대학친구1명보기 
  	<select id="uni_selectOne" resultType="com.bitcamp.domain.PhoneInfo_Univ">
  		select phoneinfo_basic.fr_ref_idx,phoneinfo_univ.fr_ref,phoneinfo_univ.idx,fr_name,fr_phone,fr_email,fr_address,fr_u_major,fr_u_year from phoneinfo_univ,phoneinfo_basic,member 
  		where phoneinfo_univ.fr_ref=phoneinfo_basic.idx and phoneinfo_basic.fr_ref_idx=member.idx 
  		and phoneinfo_basic.fr_ref_idx=#{fr_ref_idx} and phoneinfo_basic.fr_phone=#{fr_phone}
  	</select>
  	회사친구1명보기
  	<select id="com_selectOne" resultType="com.bitcamp.domain.PhoneInfo_Com">
  		select phoneinfo_basic.fr_ref_idx,phoneinfo_com.fr_ref,phoneinfo_com.idx,fr_name,fr_phone,fr_email,fr_address,fr_c_company from phoneinfo_com,phoneinfo_basic,member 
  		where phoneinfo_com.fr_ref=phoneinfo_basic.idx and phoneinfo_basic.fr_ref_idx=member.idx 
  		and phoneinfo_basic.fr_ref_idx=#{fr_ref_idx} and phoneinfo_basic.fr_phone=#{fr_phone}
  	</select> -->
  	
 	<!-- 회사친구 DELETE -->
 	<delete id="com_delete">
 		delete from phoneinfo_basic where idx = #{idx}
 	</delete>
 	<!-- 회사친구 DELETE -->
 	<delete id="uni_delete">
 		delete from phoneinfo_basic where idx = #{idx}
 	</delete>
 	<!-- 기본정보 UPDATE -->
 	<update id="basic_update" parameterType="com.bitcamp.domain.PhoneInfo_Basic" useGeneratedKeys="true" keyProperty="idx">
 		update phoneinfo_basic set fr_name=#{fr_name},fr_phone=#{fr_phone},fr_email=#{fr_email},fr_address=#{fr_address} 
 		where idx=#{idx}
 	</update>
 	<!-- 대학친구 UPDATE -->
 	<update id="uni_update">
 		update phoneinfo_univ set fr_u_major=#{fr_u_major},fr_u_year=#{fr_u_year} 
 		where fr_ref=#{fr_ref}
 	</update>
 	<!-- 회사친구 UPDATE -->
 	<update id="com_update">
 		update phoneinfo_com set fr_c_company=#{fr_c_company}  
 		where fr_ref=#{fr_ref}
 	</update>
 	<!-- 프로시져 호출 대학친구1명보기 -->
 	<select id="p_uni_selectOne" resultType="com.bitcamp.domain.PhoneInfo_Univ">
 		{call uni_selectone(#{fr_ref_idx},#{fr_phone})}
 	</select>
  	<!-- 프로시져 호출 회사친구1명보기 -->
  	<select id="p_com_selectOne" resultType="com.bitcamp.domain.PhoneInfo_Com">
  		{call com_selectone(#{fr_ref_idx},#{fr_phone})}
  	</select>
  </mapper>